{
    "junctions": {
        "10": {
            "type": "Junction",
            "elevation": 216.40800000000002,
            "corrdinates": [
                20.0,
                70.0
            ],
            "junc_demand_hi": 0.0,
            "junc_demand_lo": 0.0,
            "junc_demand_diff_hi": 0.0,
            "junc_demand_diff_lo": 0.0,
            "junc_demand_pat_ts": 7200
        },
        "11": {
            "type": "Junction",
            "elevation": 216.40800000000002,
            "corrdinates": [
                30.0,
                70.0
            ],
            "junc_demand_hi": 0.015141647136,
            "junc_demand_lo": 0.003785411784,
            "junc_demand_diff_hi": 0.0018927058920000014,
            "junc_demand_diff_lo": -0.0018927058920000014,
            "junc_demand_pat_ts": 7200
        },
        "12": {
            "type": "Junction",
            "elevation": 213.36,
            "corrdinates": [
                50.0,
                70.0
            ],
            "junc_demand_hi": 0.015141647136,
            "junc_demand_lo": 0.003785411784,
            "junc_demand_diff_hi": 0.0018927058920000014,
            "junc_demand_diff_lo": -0.0018927058920000014,
            "junc_demand_pat_ts": 7200
        },
        "13": {
            "type": "Junction",
            "elevation": 211.836,
            "corrdinates": [
                70.0,
                70.0
            ],
            "junc_demand_hi": 0.010094431424000001,
            "junc_demand_lo": 0.0025236078560000002,
            "junc_demand_diff_hi": 0.001261803928000002,
            "junc_demand_diff_lo": -0.001261803928000002,
            "junc_demand_pat_ts": 7200
        },
        "21": {
            "type": "Junction",
            "elevation": 213.36,
            "corrdinates": [
                30.0,
                40.0
            ],
            "junc_demand_hi": 0.015141647136,
            "junc_demand_lo": 0.003785411784,
            "junc_demand_diff_hi": 0.0018927058920000014,
            "junc_demand_diff_lo": -0.0018927058920000014,
            "junc_demand_pat_ts": 7200
        },
        "22": {
            "type": "Junction",
            "elevation": 211.836,
            "corrdinates": [
                50.0,
                40.0
            ],
            "junc_demand_hi": 0.020188862848000002,
            "junc_demand_lo": 0.0050472157120000005,
            "junc_demand_diff_hi": 0.002523607856000004,
            "junc_demand_diff_lo": -0.002523607856000004,
            "junc_demand_pat_ts": 7200
        },
        "23": {
            "type": "Junction",
            "elevation": 210.312,
            "corrdinates": [
                70.0,
                40.0
            ],
            "junc_demand_hi": 0.015141647136,
            "junc_demand_lo": 0.003785411784,
            "junc_demand_diff_hi": 0.0018927058920000014,
            "junc_demand_diff_lo": -0.0018927058920000014,
            "junc_demand_pat_ts": 7200
        },
        "31": {
            "type": "Junction",
            "elevation": 213.36,
            "corrdinates": [
                30.0,
                10.0
            ],
            "junc_demand_hi": 0.010094431424000001,
            "junc_demand_lo": 0.0025236078560000002,
            "junc_demand_diff_hi": 0.001261803928000002,
            "junc_demand_diff_lo": -0.001261803928000002,
            "junc_demand_pat_ts": 7200
        },
        "32": {
            "type": "Junction",
            "elevation": 216.40800000000002,
            "corrdinates": [
                50.0,
                10.0
            ],
            "junc_demand_hi": 0.010094431424000001,
            "junc_demand_lo": 0.0025236078560000002,
            "junc_demand_diff_hi": 0.001261803928000002,
            "junc_demand_diff_lo": -0.001261803928000002,
            "junc_demand_pat_ts": 7200
        }
    },
    "reservoirs": {
        "9": {
            "type": "Reservoir",
            "base_head": 243.84,
            "corrdinates": [
                10.0,
                70.0
            ],
            "res_head_hi": null,
            "res_head_lo": null,
            "res_diff_head_hi": null,
            "res_diff_head_lo": null
        }
    },
    "tanks": {
        "2": {
            "type": "Tank",
            "elevation": 259.08000000000004,
            "coordinates": [
                50.0,
                90.0
            ],
            "initial_level": 36.576,
            "tank_level_hi": 30.48,
            "tank_level_lo": 45.72,
            "diameter": 15.3924,
            "tank_volume_lo": 0.0
        }
    },
    "pipes": {
        "10": {
            "type": "Pipe",
            "start_node": "10",
            "end_node": "11",
            "length": 3209.5440000000003,
            "diameter": 0.4572,
            "roughness": 100.0,
            "minor_loss": 0.0,
            "initial_status": 1,
            "bulk_coeff": null,
            "wall_coeff": null
        },
        "11": {
            "type": "Pipe",
            "start_node": "11",
            "end_node": "12",
            "length": 1609.344,
            "diameter": 0.35559999999999997,
            "roughness": 100.0,
            "minor_loss": 0.0,
            "initial_status": 1,
            "bulk_coeff": null,
            "wall_coeff": null
        },
        "12": {
            "type": "Pipe",
            "start_node": "12",
            "end_node": "13",
            "length": 1609.344,
            "diameter": 0.254,
            "roughness": 100.0,
            "minor_loss": 0.0,
            "initial_status": 1,
            "bulk_coeff": null,
            "wall_coeff": null
        },
        "21": {
            "type": "Pipe",
            "start_node": "21",
            "end_node": "22",
            "length": 1609.344,
            "diameter": 0.254,
            "roughness": 100.0,
            "minor_loss": 0.0,
            "initial_status": 1,
            "bulk_coeff": null,
            "wall_coeff": null
        },
        "22": {
            "type": "Pipe",
            "start_node": "22",
            "end_node": "23",
            "length": 1609.344,
            "diameter": 0.30479999999999996,
            "roughness": 100.0,
            "minor_loss": 0.0,
            "initial_status": 1,
            "bulk_coeff": null,
            "wall_coeff": null
        },
        "31": {
            "type": "Pipe",
            "start_node": "31",
            "end_node": "32",
            "length": 1609.344,
            "diameter": 0.15239999999999998,
            "roughness": 100.0,
            "minor_loss": 0.0,
            "initial_status": 1,
            "bulk_coeff": null,
            "wall_coeff": null
        },
        "110": {
            "type": "Pipe",
            "start_node": "2",
            "end_node": "12",
            "length": 60.96,
            "diameter": 0.4572,
            "roughness": 100.0,
            "minor_loss": 0.0,
            "initial_status": 1,
            "bulk_coeff": null,
            "wall_coeff": null
        },
        "111": {
            "type": "Pipe",
            "start_node": "11",
            "end_node": "21",
            "length": 1609.344,
            "diameter": 0.254,
            "roughness": 100.0,
            "minor_loss": 0.0,
            "initial_status": 1,
            "bulk_coeff": null,
            "wall_coeff": null
        },
        "112": {
            "type": "Pipe",
            "start_node": "12",
            "end_node": "22",
            "length": 1609.344,
            "diameter": 0.30479999999999996,
            "roughness": 100.0,
            "minor_loss": 0.0,
            "initial_status": 1,
            "bulk_coeff": null,
            "wall_coeff": null
        },
        "113": {
            "type": "Pipe",
            "start_node": "13",
            "end_node": "23",
            "length": 1609.344,
            "diameter": 0.2032,
            "roughness": 100.0,
            "minor_loss": 0.0,